"","genus_sp","length.maturity","age.maturity","growth.coefficient","tl","fecundity","offspring.size","spawning.type","habitat","feeding.mode"
"1","Acantholabrus_palloni",15.01896,3.179545,0.1997723,3.5,160631,0.91,"guarder","reef-associated","benthivorous"
"2","Agonus_cataphractus",9,3,0.475,3.43,2550,2,"non-guarder","demersal","benthivorous"
"3","Aldrovandia_affinis",18.52085,2.173159,0.3850892,3.3,NA,2.7,"non-guarder","benthopelagic","benthivorous"
"4","Aldrovandia_phalacra",18.52085,2.173159,0.3850892,3.17,3754,2.7,"non-guarder","benthopelagic","generalist"
"5","Alepocephalus_agassizii",31.23632,5.685571,0.1291901,3.38,3754,2.7,"non-guarder","bathydemersal","benthivorous"
"6","Alepocephalus_bairdii",55,8.861653,0.1291901,3.69,3754,4.5,"non-guarder","bathydemersal","generalist"
"7","Alepocephalus_rostratus",25.65,4.910993,0.08894188,3.56,3753.5,2.7,"non-guarder","bathydemersal","planktivorous"
"8","Allocyttus_verrucosus",26,27,0.08327949,4.19,33500,NA,"non-guarder","bathypelagic","generalist"
"9","Alopias_vulpinus",303,5.05,0.1082348,4.5,3,1360,"bearer","pelagic","generalist"
"10","Alosa_alosa",45.1,3.5,0.3249946,2.95,312500,1,"non-guarder","pelagic","generalist"
"11","Alosa_fallax",28.875,2.5,0.3315932,4.03,143750,1,"non-guarder","pelagic","generalist"
"12","Amblyraja_jenseni",56.96753,10.95,0.12343,3.62,17,104.17,"non-guarder","bathydemersal","generalist"
"13","Amblyraja_radiata",65,10.95,0.151463222,4.2,17,110,"non-guarder","demersal","generalist"
"14","Ammodytes_marinus",14.7333333333333,3.200000048,0.4579734,2.71,13133,1.03,"non-guarder","benthopelagic","planktivorous"
"15","Ammodytes_tobianus",8.785,1.5,0.6501702,3.08,13133,0.85,"non-guarder","demersal","planktivorous"
"16","Anarhichas_lupus",59.5,6,0.0757329,3.55,25000,6,"non-guarder","demersal","benthivorous"
"17","Anarhichas_minor",80,8,0.09688608,3.62,19700,3.35,"guarder","demersal","benthivorous"
"18","Anguilla_anguilla",60,11,0.11,3.55,2500000,1.14,"non-guarder","demersal","generalist"
"19","Anoplogaster_cornuta",10.22183,1.428722,0.86,4.01,NA,NA,"non-guarder","bathypelagic","generalist"
"20","Anthias_anthias",25.78485,4.360262,0.1283926,3.75,937291,0.84,"non-guarder","reef-associated","generalist"
"21","Antigonia_capros",13.7838,2.484931,0.3192378,4.05,NA,1,"non-guarder","demersal","benthivorous"
"22","Antimora_rostrata",41.5,12.5,0.089,3.58,6e+07,0.98,"non-guarder","bathydemersal","benthivorous"
"23","Aphanopus_carbo",108.36,4.5,0.11,4.48,5e+07,1.74,"non-guarder","bathypelagic","piscivorous"
"24","Aphia_minuta",3.6,0.5833333,2.23,3.1,1792,0.34,"guarder","benthopelagic","planktivorous"
"25","Apletodon_dentatus",4.728183,0.8862496,0.794946,3.1,195,1.5,"guarder","demersal","benthivorous"
"26","Apogon_imberbis",9.725638,1.207274,0.8668701,3.4,NA,2.5,"bearer","reef-associated","generalist"
"27","Apristurus_aphyodes",52.95,5,0.1536211,3.97,1,47.5,"non-guarder","bathydemersal","generalist"
"28","Apristurus_laurussonii",59.2,3.5,0.1833078,3.886667,1,60,"non-guarder","bathydemersal","generalist"
"29","Apristurus_manis",69.2446,5.748419,0.1833078,3.886667,1,52.5,"non-guarder","bathydemersal","generalist"
"30","Apristurus_melanoasper",69.2446,3.5,0.1833078,4,1,85.5,"bearer","bathydemersal","generalist"
"31","Apristurus_microps",49.55,5,0.1536211,4.26,1,49.5,"non-guarder","bathydemersal","generalist"
"32","Apterichtus_caecus",49.30277,4.882914,0.2622041,4.1,NA,NA,"non-guarder","demersal","generalist"
"33","Arctozenus_risso",14.17,6,0.7,3.22,1e+07,1.9,"non-guarder","bathypelagic","generalist"
"34","Argentina_silus",33,6.45,0.166991839,3.32,10000,3.25,"non-guarder","bathydemersal","generalist"
"35","Argentina_sphyraena",18.23693,2.5,0.278,3.62,10000,1.72,"non-guarder","bathydemersal","generalist"
"36","Argyropelecus_aculeatus",2.5,1,0.67,3.67,350,0.98,"non-guarder","bathypelagic","generalist"
"37","Argyropelecus_hemigymnus",8.167082,1,0.67,3.06,350,1,"non-guarder","bathypelagic","planktivorous"
"38","Argyropelecus_olfersii",2.5,1,0.67,3.36,350,1.64,"non-guarder","bathypelagic","generalist"
"39","Argyrosomus_regius",46,1.55,0.15,4.29,2e+08,0.9,"non-guarder","benthopelagic","piscivorous"
"40","Ariosoma_balearicum",48.81785,10,0.06510468,4.01,5500000,2.06,"non-guarder","reef-associated","generalist"
"41","Arnoglossus_imperialis",11.9,1.9,0.51,3.84,50000,0.75,"non-guarder","demersal","benthivorous"
"42","Arnoglossus_kessleri",10.1674,1.92093,0.4393266,4.1,NA,NA,"non-guarder","demersal","generalist"
"43","Arnoglossus_laterna",11,3,0.2467212,3.59,50000,0.68,"non-guarder","demersal","benthivorous"
"44","Arnoglossus_rueppelii",12,2,0.51,4.03,50000,0.7,"non-guarder","demersal","benthivorous"
"45","Arnoglossus_thori",12,2,0.51,3.28,50000,0.72,"non-guarder","demersal","benthivorous"
"46","Artediellus_atlanticus",5.1,3.5,0.1548355,3.42,62,2.25,"non-guarder","demersal","benthivorous"
"47","Atherina_boyeri",6.717121,1.449165,0.5479766,3.2,10188,NA,"non-guarder","demersal","benthivorous"
"48","Atherina_presbyter",6.925,1,0.7,3.67,1500,1.87,"non-guarder","pelagic","planktivorous"
"49","Aulopus_filamentosus",20.72541,2.599697,0.6326952,4.2,NA,NA,"non-guarder","demersal","generalist"
"50","Auxis_rochei",31.79194,1.774743,0.4349861,4.37,67000,NA,"non-guarder","pelagic","piscivorous"
"51","Bajacalifornia_megalops",22.7582,3.718013,0.2743512,3.67,3754,2.7,"non-guarder","bathypelagic","generalist"
"52","Balistes_capriscus",19.54755,1,0.383,4.06,86750,0.45,"guarder","reef-associated","benthivorous"
"53","Bathophilus_nigerrimus",14.671,2.288315,0.4732867,4.2,NA,NA,"non-guarder","bathypelagic","piscivorous"
"54","Bathygadus_melanobranchus",31.54094,12.4,0.1603383,3.3,29976,1.5,"non-guarder","bathydemersal","planktivorous"
"55","Bathypterois_dubius",14.1,2.856349,0.4,3.37,2200,NA,"non-guarder","bathydemersal","generalist"
"56","Bathyraja_brachyurops",56.33437,11.49055,0.09507675,4.07,11.33333,97.75,"non-guarder","bathydemersal","generalist"
"57","Bathyraja_pallida",162,8,0.2090817,3.6,7.5,150,"non-guarder","bathydemersal","generalist"
"58","Bathyraja_richardsoni",95,8,0.2090817,4.02,7.5,400,"non-guarder","bathydemersal","generalist"
"59","Bathysaurus_ferox",20.72541,1.737859,0.6326952,4.34,32000,0.8,"non-guarder","bathydemersal","piscivorous"
"60","Bathysolea_profundicola",11.4,2.952308,0.2784445,3.17,125000,0.99,"non-guarder","bathydemersal","benthivorous"
"61","Bellottia_apoda",12.46652,1.542157,0.5233039,3.4,180,NA,"bearer","bathydemersal","benthivorous"
"62","Belone_belone",30.567,2,0.2251297,4.16,18000,3.1,"non-guarder","pelagic","piscivorous"
"63","Benthocometes_robustus",10,3.664106,0.1197684,3.1,NA,NA,"non-guarder","bathydemersal","planktivorous"
"64","Benthodesmus_elongatus",41.7164,2.276901,0.2883145,3.94,10500,1.74,"non-guarder","benthopelagic","generalist"
"65","Benthosema_glaciale",4.75,2.5,0.36,2.99,1051,0.78,"non-guarder","benthopelagic","planktivorous"
"66","Beryx_decadactylus",27,6.133333,0.1319906,4.13,472500,1.08,"non-guarder","bathydemersal","generalist"
"67","Beryx_splendens",30.9,6.133333,0.17,4.27,472500,1.08,"non-guarder","benthopelagic","generalist"
"68","Blennius_ocellaris",13.32796,2.5,0.4244489,3.49,500,1.16,"guarder","demersal","benthivorous"
"69","Boops_boops",13.4,1.5,0.1892193,2.79,150000,0.9,"non-guarder","demersal","planktivorous"
"70","Borostomias_antarcticus",18.14273,2.229436,0.4134833,3.6,45000,1.77,"non-guarder","bathydemersal","generalist"
"71","Bothus_podas",10.96085,1.60293,0.5359582,3.4,NA,NA,"non-guarder","demersal","benthivorous"
"72","Brama_brama",20.9,7.6,0.084,4.08,NA,1.6,"non-guarder","bathypelagic","generalist"
"73","Brosme_brosme",53.25,7,0.091539983,3.9,2500000,1.35,"non-guarder","demersal","generalist"
"74","Buenia_jeffreysii",6.69477,1.181154,0.4820394,3.62,4513,1.04,"guarder","demersal","benthivorous"
"75","Buglossidium_luteum",8.367543,3,0.5675815,3.31,13400,0.84,"non-guarder","demersal","benthivorous"
"76","Callanthias_ruber",18.2,2.197243,0.4796872,3.8,NA,NA,"non-guarder","demersal","generalist"
"77","Callionymus_fasciatus",16.39844,1.784392,0.5821197,3.3,NA,NA,"non-guarder","demersal","benthivorous"
"78","Callionymus_lyra",17.4,2.5,0.471168,3.27,5000,0.9,"non-guarder","demersal","benthivorous"
"79","Callionymus_maculatus",16.39844,4,0.471168,3.31,5000,0.7,"non-guarder","demersal","benthivorous"
"80","Callionymus_reticulatus",5.6,1.3,0.471168,3.28,5000,0.8,"non-guarder","demersal","benthivorous"
"81","Callionymus_risso",16.39844,1.784392,0.5821197,3,NA,NA,"non-guarder","demersal","benthivorous"
"82","Capros_aper",8.15333333333333,3.280000011,0.254811604,3.14,8694,0.4,"non-guarder","demersal","generalist"
"83","Caranx_rhonchus",16.095,2.702727,0.1813099,4.057736,846750,3.5,"non-guarder","reef-associated","generalist"
"84","Carapus_acus",27.31114,3.498383,0.5060634,4,NA,NA,"non-guarder","demersal","benthivorous"
"85","Cataetyx_alleni",7.578888,1.159408,0.942,3.39,105,1,"bearer","bathydemersal","benthivorous"
"86","Cataetyx_laticeps",10.39201,1.179736,0.942,3.39,105,1,"bearer","bathydemersal","benthivorous"
"87","Centracanthus_cirrus",9.172135,1.586477,0.4858894,3.4,NA,NA,"non-guarder","benthopelagic","generalist"
"88","Centrolabrus_exoletus",7.9,1.3,0.7455754,3.5,160631,0.91,"guarder","reef-associated","benthivorous"
"89","Centrolophus_niger",27.93859,6,0.2420938,3.92,NA,1.3,"non-guarder","bathypelagic","benthivorous"
"90","Centrophorus_granulosus",99.57304,25,0.04438951,4.11,1,360,"bearer","bathydemersal","piscivorous"
"91","Centrophorus_squamosus",124.5,25,0.04438951,4.47,8,390,"bearer","bathydemersal","generalist"
"92","Centroscyllium_fabricii",60,5,0.175,3.84,10,175,"bearer","bathydemersal","generalist"
"93","Centroscymnus_coelolepis",93.15,12,0.1065,4.48,21,410,"bearer","bathydemersal","generalist"
"94","Cepola_macrophthalma",23.925,2.35,0.203325,3.13,NA,0.72,"non-guarder","demersal","planktivorous"
"95","Ceratoscopelus_maderensis",4.8,0.5333333,0.36,3.05,3025,0.5,"non-guarder","bathypelagic","planktivorous"
"96","Chauliodus_sloani",15.19,1.984871,0.35,4.2,45000,2.95,"non-guarder","bathypelagic","generalist"
"97","Chaunax_pictus",18.7468,2.559309,0.2604289,4.3,NA,NA,"non-guarder","bathydemersal","benthivorous"
"98","Chelidonichthys_cuculus",26.1,3.5,0.4874141,3.81,57500,1.55,"non-guarder","demersal","generalist"
"99","Chelidonichthys_lastoviza",12.5,2.6,0.42,3.74,15000,1.33,"non-guarder","demersal","benthivorous"
"100","Chelidonichthys_lucerna",28.10628,3.5,0.33,3.98,NA,1.36,"non-guarder","demersal","generalist"
"101","Chelidonichthys_obscurus",27.89413,2.614286,0.4239001,3.74,15000,1.33,"non-guarder","demersal","benthivorous"
"102","Chelon_auratus",34,3.5,0.366,2.84,790000,1.06,"non-guarder","pelagic","benthivorous"
"103","Chelon_labrosus",27.25,3,0.2009504,2.59,851000,1.32,"non-guarder","demersal","benthivorous"
"104","Chelon_ramada",25,3,0.2370492,2.34,912000,0.79,"non-guarder","pelagic","benthivorous"
"105","Chiasmodon_niger",15.61581,1.673219,0.4478093,4.2,NA,NA,"non-guarder","bathypelagic","piscivorous"
"106","Chirolophis_ascanii",20.41641,3.25,0.205,3.23,75323,2.55,"guarder","benthopelagic","benthivorous"
"107","Chlopsis_bicolor",50.31522,5.487876,0.2583283,3.7,NA,NA,"non-guarder","demersal","benthivorous"
"108","Chlorophthalmus_agassizi",11.5,3,0.24,3.66,8615,2,"non-guarder","bathydemersal","benthivorous"
"109","Chromis_chromis",8.858507,1.768874,0.5208158,3.8,NA,NA,"guarder","reef-associated","benthivorous"
"110","Ciliata_mustela",14,1,0.1372325,3.5,19500,0.82,"non-guarder","demersal","generalist"
"111","Ciliata_septentrionalis",6.693,1,0.1091011,3.5,19500,0.82,"non-guarder","demersal","planktivorous"
"112","Citharus_linguatula",12.435,2,0.255641,3.97,5086,1.3,"non-guarder","demersal","benthivorous"
"113","Clupea_harengus",22.3125,3.219762,0.331574713,3.38,37783,1.2,"non-guarder","benthopelagic","planktivorous"
"114","Coelorinchus_caelorhincus",16.2,12.4000001,0.115000002,3.49,31226,1.5,"non-guarder","benthopelagic","benthivorous"
"115","Coelorinchus_labiatus",18.74707,12.4,0.115,3.95,29976,1.5,"non-guarder","bathydemersal","generalist"
"116","Coelorinchus_occa",23.55835,12.4,0.115,3.62,29976,1.5,"non-guarder","bathydemersal","generalist"
"117","Conger_conger",200,10,0.068,4.31,5500000,2.58,"non-guarder","demersal","piscivorous"
"118","Conocara_murrayi",22.42274,3.641273,0.1291901,3.416667,3753.5,2.7,"non-guarder","bathydemersal",NA
"119","Coregonus_albula",23.5,2,0.3265,3.1,12900,1.188,"non-guarder","benthopelagic","planktivorous"
"120","Coregonus_lavaretus",26.66667,2,0.64,3.13,63886,2.05,"non-guarder","demersal","generalist"
"121","Coris_julis",12.3399,1,0.1367755,3.44,160631,0.64,"non-guarder","reef-associated","benthivorous"
"122","Coryphaenoides_guentheri",17.35,10,0.211,3.26,31226,1.5,"non-guarder","bathydemersal","generalist"
"123","Coryphaenoides_mediterraneus",5.5,10,0.201,3.4,31226.33,1.1265,"non-guarder","bathypelagic","generalist"
"124","Coryphaenoides_rupestris",50.32,10,0.106179,3.54,29976,1.5,"non-guarder","bathypelagic","generalist"
"125","Coryphoblennius_galerita",13.32796,1.952018,0.5893568,2.3,NA,NA,"guarder","demersal","benthivorous"
"126","Cottunculus_thomsonii",23.16097,4,0.1700501,3.5,375,3.75,"non-guarder","bathydemersal","benthivorous"
"127","Cottus_gobio",4.7,2,0.5940025,3.28,312.5,2.3,"guarder","demersal","benthivorous"
"128","Cryptopsaras_couesii",18.7468,2.559309,0.2604289,4.5,NA,NA,"non-guarder","bathypelagic","benthivorous"
"129","Crystallogobius_linearis",2.7,0.4166667,0.97,3.4,3000,1.35,"guarder","demersal","planktivorous"
"130","Ctenolabrus_rupestris",10.60307,2.2,0.3304784,3.58,160631,0.86,"non-guarder","reef-associated","benthivorous"
"131","Cubiceps_gracilis",17.21588,1.529411,0.8816156,3.4,79500,0.92,"non-guarder","pelagic","planktivorous"
"132","Cyclopterus_lumpus",29.7,4,0.1748488,3.89,225000,2.2,"guarder","benthopelagic","planktivorous"
"133","Cyclothone_braueri",2.1,2,0.57,3.1,NA,900,"non-guarder","pelagic","benthivorous"
"134","Cyclothone_pygmaea",1.7,0.7,1.7,3.4,NA,NA,"non-guarder","pelagic","benthivorous"
"135","Cyttopsis_rosea",22.97934,3.516526,0.2289201,4.01,NA,NA,"non-guarder","bathypelagic","generalist"
"136","Dactylopterus_volitans",18.97085,2.76526,1.5,3.65,532,0.8,"non-guarder","reef-associated","generalist"
"137","Dalatias_licha",120,6.8,0.1725,4.23,15,300,"bearer","bathydemersal","piscivorous"
"138","Dalophis_imberbis",49.30277,4.882914,0.2622041,4,NA,NA,"non-guarder","demersal","generalist"
"139","Dasyatis_pastinaca",45.75,3.7,0.089,4.05,6,80,"bearer","demersal","benthivorous"
"140","Dasyatis_tortonesei",75.5,4.027639,0.1898738,4.02,7.5,NA,"bearer","demersal","generalist"
"141","Deania_profundorum",82,25,0.1004877,4.36,6,315,"bearer","bathydemersal","piscivorous"
"142","Deltentosteus_collonianus",7.74361,1.123349,0.761752,3.6,NA,NA,"guarder","demersal","benthivorous"
"143","Deltentosteus_quadrimaculatus",6.3,1.181154,0.4820394,3.1,4513,1.04,"guarder","demersal","benthivorous"
"144","Dentex_canariensis",21.4,2,0.156992,3.6,192200,0.958,"non-guarder","demersal","benthivorous"
"145","Dentex_dentex",42.3,2,0.08637492,4.5,192200,0.958,"non-guarder","benthopelagic","generalist"
"146","Dentex_gibbosus",36.65,2,0.1502924,4.14,192200,0.958,"non-guarder","benthopelagic","generalist"
"147","Dentex_macrophthalmus",20.66786,3.182869,0.1951997,3.5,NA,NA,"non-guarder","benthopelagic","benthivorous"
"148","Dentex_maroccanus",12.93333,2,0.1813344,3.85,856136,0.958,"non-guarder","demersal","benthivorous"
"149","Diaphus_holti",4.637989,0.6844241,1.342937,3.1,NA,NA,"non-guarder","bathypelagic","planktivorous"
"150","Diaphus_metopoclampus",4.637989,0.7,0.3847226,3.25,5000,0.5,"non-guarder","bathypelagic","planktivorous"
"151","Diaphus_rafinesquii",4.637989,0.6844241,1.342937,3.4,NA,NA,"non-guarder","bathypelagic","planktivorous"
"152","Dicentrarchus_labrax",29.84193,3,0.112189,3.47,520228,1.3,"non-guarder","demersal","generalist"
"153","Dicentrarchus_punctatus",25.13,3,0.08177478,3.94,520228,1.3,"non-guarder","pelagic","generalist"
"154","Dicologlossa_cuneata",16.06667,2.952308,0.2796342,3.32,160000,0.8,"non-guarder","demersal","benthivorous"
"155","Diplecogaster_bimaculata",5.712034,1.201503,0.794946,3.39,195,0.4,"guarder","demersal","generalist"
"156","Diplodus_annularis",10.85786,1.333333,0.2058393,3.64,115000,0.7,"non-guarder","benthopelagic","benthivorous"
"157","Diplodus_bellottii",11.4,2.812,0.184679,3.55,115000,0.7,"non-guarder","benthopelagic","benthivorous"
"158","Diplodus_cervinus",25,2.812,0.184679,2.99,115000,0.7,"non-guarder","reef-associated","benthivorous"
"159","Diplodus_puntazzo",21.85,2.812,0.472,3.07,115000,0.7,"non-guarder","benthopelagic","benthivorous"
"160","Diplodus_sargus",31.8,2.812,0.184679,3.216,115000,2.81,"non-guarder","demersal","benthivorous"
"161","Diplodus_vulgaris",17,2,0.3746041,3.52,15437,0.9,"non-guarder","benthopelagic","benthivorous"
"162","Dipturus_batis",145,11,0.057,3.52,40,170,"non-guarder","demersal","benthivorous"
"163","Dipturus_nidarosiensis",135,10.66667,0.057,3.5,40,153.33,"non-guarder","demersal","generalist"
"164","Dipturus_oxyrinchus",101.078,10.66667,0.057,3.5,40,140,"non-guarder","demersal","generalist"
"165","Dussumieria_elopsoides",16.82517,1.968928,0.7751742,3.4,NA,NA,"non-guarder","pelagic","generalist"
"166","Dysomma_brevirostre",59.20815,4.873669,0.2823353,3.8,NA,NA,"non-guarder","benthopelagic","benthivorous"
"167","Echelus_myrus",49.30277,4.882914,0.2622041,4.3,55016,1.09,"non-guarder","demersal","generalist"
"168","Echiichthys_vipera",27.55247,1.5,0.33,4.41,160000,1.2,"non-guarder","demersal","benthivorous"
"169","Echiodon_dentatus",19.80561,2.28853,0.3441477,4.03,NA,1.28,"non-guarder","demersal","generalist"
"170","Echiodon_drummondii",19.80561,2.2,0.3441477,4.03,NA,1.28,"non-guarder","bathydemersal","generalist"
"171","Echiostoma_barbatum",14.82951,1.806111,0.4052747,4.1,NA,NA,"non-guarder","bathypelagic","generalist"
"172","Electrona_risso",3.661605,0.5890983,1.160528,3.4,3025,0.5,"non-guarder","bathypelagic","planktivorous"
"173","Enchelyopus_cimbrius",12.7,3,0.2196215,3.53,5e+07,0.82,"non-guarder","demersal","benthivorous"
"174","Engraulis_encrasicolus",10.46893,1,0.5048962,3.11,174000,1.5,"non-guarder","pelagic","planktivorous"
"175","Entelurus_aequoreus",28.45,2,0.7377543,3.54,500,1.2,"bearer","demersal","generalist"
"176","Ephippion_guttifer",57,1,0.3452411,3.55,56183,0.85,"non-guarder","demersal","benthivorous"
"177","Epigonus_constanciae",51.33683,7.146874,0.1603391,3.5,NA,NA,"non-guarder","benthopelagic","planktivorous"
"178","Epigonus_denticulatus",12.9,2.6,0.2632068,3.42,NA,0.4,"non-guarder","bathydemersal","planktivorous"
"179","Epigonus_telescopus",54.2,36.2,0.2632068,3.59,NA,0.4,"non-guarder","bathydemersal","generalist"
"180","Epinephelus_aeneus",49.97286,7.985484,0.1397418,4,3873271,NA,"non-guarder","demersal","benthivorous"
"181","Epinephelus_costae",44.17724,7.685931,0.1510001,3.9,NA,NA,"non-guarder","demersal","generalist"
"182","Epinephelus_marginatus",67.16876,14.25477,0.08113585,4.4,NA,NA,"non-guarder","reef-associated","generalist"
"183","Eretmophorus_kleinenbergi",39.81309,5.150284,0.2496652,3.4,NA,NA,"non-guarder","benthopelagic","benthivorous"
"184","Esox_lucius",35.9,2.8,0.251801,4.4,67091.67,2.32,"non-guarder","demersal","piscivorous"
"185","Etmopterus_princeps",60.125,5,0.175,4.183333,11.2,110,"bearer","bathydemersal","piscivorous"
"186","Etmopterus_pusillus",44.58,5,0.13,4.22,10,110,"bearer","benthopelagic","piscivorous"
"187","Etmopterus_spinax",26.9,3.5,0.175,4.14,13,80,"bearer","bathydemersal","generalist"
"188","Eurypharynx_pelecanoides",53.5,1.885415,0.6050911,4.11,33000,1,"non-guarder","bathypelagic","generalist"
"189","Eutelichthys_leptochirus",19.63947,2.598137,0.5549761,3.2,NA,NA,NA,"bathydemersal",NA
"190","Eutrigla_gurnardus",25.12009,2.775,0.2705968,3.87,244949,1.35,"non-guarder","demersal","generalist"
"191","Evermannella_balbo",13.91916,1.505624,0.5253472,4.2,NA,NA,"non-guarder","pelagic","piscivorous"
"192","Fistularia_commersonii",18.13269,2.124764,0.799463,4.3,NA,NA,"non-guarder","reef-associated","piscivorous"
"193","Gadella_maraldi",15,10.5,0.15,3.45,6e+07,0.98,"non-guarder","benthopelagic","generalist"
"194","Gadiculus_argenteus",12.6,2,0.3052911,3.6,2549502,1,"non-guarder","benthopelagic","planktivorous"
"195","Gadus_morhua",59.998064516129,5.061136384,0.147341441,4.09,3772791,1.52,"non-guarder","benthopelagic","generalist"
"196","Gaidropsarus_argentatus",25,4,0.600000024,3.39,1644668,1.27,"non-guarder","bathydemersal","generalist"
"197","Gaidropsarus_biscayensis",28.04579,2.833333,0.6,3.57,2500000,0.78,"non-guarder","benthopelagic","benthivorous"
"198","Gaidropsarus_macrophthalmus",NA,2.833333,0.6,3.5,2500000,0.78,"non-guarder","demersal","benthivorous"
"199","Gaidropsarus_mediterraneus",19.25816,1.5,0.6,3.47,2500000,0.78,"non-guarder","demersal","generalist"
"200","Gaidropsarus_vulgaris",28.04579,3,0.6,3.47,2500000,0.78,"non-guarder","demersal","benthivorous"
"201","Galeorhinus_galeus",141.125,5.532143,0.1187419,4.34,29,280,"bearer","benthopelagic","piscivorous"
"202","Galeus_atlanticus",34.9,3.5,0.383,4.116,6,20,"non-guarder","bathydemersal","generalist"
"203","Galeus_melastomus",58.59,3.5,0.383,4.17,93,42,"non-guarder","demersal","generalist"
"204","Galeus_murinus",47.9,3.5,0.383,4.116,54,30,"non-guarder","bathydemersal","piscivorous"
"205","Gasterosteus_aculeatus",4.581938,0.5967406,1.60059,3.31,470,1.5,"guarder","benthopelagic","generalist"
"206","Glossanodon_leioglossus",15.46708,2.116406,0.659529,3.5,NA,NA,"non-guarder","bathydemersal","benthivorous"
"207","Glyptocephalus_cynoglossus",28.425,7.889231,0.202568,3.17,1e+07,1.16,"non-guarder","demersal","benthivorous"
"208","Gnathophis_mystax",25.5,10,0.068,3.48,5500000,2.75,"non-guarder","demersal","benthivorous"
"209","Gobius_auratus",6.941651,1.5,0.3535863,2.96,5700,NA,"guarder","demersal","benthivorous"
"210","Gobius_cruentatus",7.48151,1.247891,0.5338074,3.4,NA,NA,"guarder","demersal","benthivorous"
"211","Gobius_fallax",7.48151,1.247891,0.5338074,3.3,NA,NA,"guarder","demersal","benthivorous"
"212","Gobius_gasteveni",6.941651,1.5,0.43,3.275,4739,1.96,"guarder","demersal","benthivorous"
"213","Gobius_geniporus",7.48151,1.247891,0.5338074,3.3,NA,NA,"guarder","demersal","benthivorous"
"214","Gobius_niger",11.255,2,0.43,3.31,3500,1.5,"guarder","demersal","benthivorous"
"215","Gobius_paganellus",7.993756,1.5,0.408,3.3,3076,2.42,"guarder","demersal","benthivorous"
"216","Gonichthys_cocco",6.072887,1.222529,0.820851,3.2,NA,NA,"non-guarder","bathypelagic","planktivorous"
"217","Gonostoma_denudatum",10.06561,1.491768,0.901643,3.3,NA,NA,"non-guarder","pelagic","benthivorous"
"218","Gouania_willdenowi",5.712034,1.201503,1.123804,3.1,NA,NA,"guarder","demersal","generalist"
"219","Grammonus_ater",15.86262,2.195184,0.6972585,3.5,NA,NA,"bearer","reef-associated","benthivorous"
"220","Gymnammodytes_cicerelus",22.39535,2.636809,0.5006862,3.4,NA,NA,"non-guarder","demersal","planktivorous"
"221","Gymnammodytes_semisquamatus",7.2,3.2,0.6395907,2.68,13133,0.94,"non-guarder","demersal","planktivorous"
"222","Gymnocephalus_cernua",11.4804,2.059407,0.3393291,3.44,125000,NA,"non-guarder","demersal","generalist"
"223","Halargyreus_johnsonii",33.43764,10.5,0.1531705,3.38,6e+07,0.98,"non-guarder","bathypelagic","generalist"
"224","Halosauropsis_macrochir",18.52085,2.173159,0.3850892,3.27,NA,2.7,"non-guarder","bathydemersal","benthivorous"
"225","Helicolenus_dactylopterus",29,13,0.098,3.54,230055,2.8,"non-guarder","bathydemersal","generalist"
"226","Heptranchias_perlo",87.5,16,0.25,4.16,15,750,"bearer","bathydemersal","piscivorous"
"227","Hexanchus_griseus",350,16,0.25,4.48,65,750,"bearer","bathydemersal","generalist"
"228","Hippocampus_guttulatus",11.575,0.8619669,1.146043,3.5,NA,NA,"bearer","demersal","benthivorous"
"229","Hippocampus_hippocampus",7.794784,0.35,1.257469,3.15,338,1.52,"bearer","demersal","generalist"
"230","Hippoglossoides_platessoides",29.76667,7.620909084,0.09522287,4.08,762611,2.01,"non-guarder","demersal","generalist"
"231","Hippoglossus_hippoglossus",98.75,5.9,0.02725808,4,2400000,3.4,"non-guarder","demersal","piscivorous"
"232","Holtbyrnia_anomala",17.08298,1.955034,0.86,3.1,NA,NA,"non-guarder","bathypelagic","planktivorous"
"233","Hoplostethus_atlanticus",31.4,15.75,0.05466185,4.25,132465,2.25,"non-guarder","bathypelagic","generalist"
"234","Hoplostethus_mediterraneus",15.40059,5.315413,0.1427851,3.5,NA,NA,"non-guarder","benthopelagic","benthivorous"
"235","Howella_brodiei",8.078498,1.14227,0.6883195,3.1,NA,NA,"non-guarder","bathypelagic","planktivorous"
"236","Howella_sherborni",10.07672,1.324107,0.85,3.1,NA,NA,"non-guarder","bathypelagic","planktivorous"
"237","Hygophum_benoiti",4.5,0.5333333,0.3847226,3,882,0.7,"non-guarder","bathypelagic","planktivorous"
"238","Hygophum_hygomii",6.072887,0.5333333,0.36,3,3025,0.57,"non-guarder","bathypelagic","planktivorous"
"239","Hymenocephalus_italicus",2.7,12.4,0.106179,3.4,29976,1.5,"non-guarder","benthopelagic","generalist"
"240","Hyperoplus_immaculatus",18.8629,2,0.4,4.38,12450,0.94,"non-guarder","demersal","piscivorous"
"241","Hyperoplus_lanceolatus",19.1767928884114,2,0.400000006,3.98,13133,0.94,"non-guarder","demersal","generalist"
"242","Ichthyococcus_ovatus",5.799006,0.5484371,1.32793,3.4,NA,NA,"non-guarder","bathypelagic","planktivorous"
"243","Ilyophis_blachei",47.5989,3.385219,0.2119089,3.23,694500,NA,"non-guarder","bathypelagic","benthivorous"
"244","Labrus_bergylta",27.1161,2,0.1150562,3.2,160631,1,"guarder","reef-associated","benthivorous"
"245","Labrus_mixtus",16,2,0.1097634,3.91,160631,1,"guarder","reef-associated","benthivorous"
"246","Labrus_viridis",22.47008,4.813476,0.2059955,3.9,NA,NA,"guarder","reef-associated","benthivorous"
"247","Lagocephalus_lagocephalus",14.22413,1.287526,0.896944,3.7,NA,NA,"non-guarder","benthopelagic","benthivorous"
"248","Lagocephalus_sceleratus",64.3,6,0.1,3.7,NA,NA,"non-guarder","reef-associated","benthivorous"
"249","Lagocephalus_suezensis",14.22413,1.287526,0.896944,3.5,NA,NA,"non-guarder","demersal","benthivorous"
"250","Lamna_nasus",160,13.5,0.0819392,4.57,3,670,"bearer","pelagic","piscivorous"
"251","Lampadena_atlantica",5.161974,0.9591351,0.6869047,3.2,NA,NA,"non-guarder","bathypelagic","planktivorous"
"252","Lampanyctus_crocodilus",10,0.5333333,0.3847226,3.22,7020,0.5,"non-guarder","bathypelagic","planktivorous"
"253","Lampanyctus_intricarius",5.161974,0.5333333,0.3847226,3.4,NA,0.5,"non-guarder","bathypelagic","planktivorous"
"254","Lampanyctus_pusillus",6.072887,2.5,0.36,3.4,7020,0.5,"non-guarder","bathypelagic","planktivorous"
"255","Lappanella_fasciata",17.36423,2.877477,0.3903274,3.3,NA,NA,"guarder","reef-associated","benthivorous"
"256","Lepadogaster_lepadogaster",5.712034,1.201503,0.794946,2.78,195,1.85,"guarder","demersal","benthivorous"
"257","Lepidion_eques",30.15,8.5,0.15,3.24,6e+07,0.98,"non-guarder","benthopelagic","benthivorous"
"258","Lepidion_lepidion",23.02023,3.08197,0.3429415,3.6,NA,NA,"non-guarder","benthopelagic","benthivorous"
"259","Lepidopus_caudatus",104,4.5,0.1670168,3.82,213500,1.6,"non-guarder","benthopelagic","generalist"
"260","Lepidorhombus_boscii",17,1,0.1391095,3.74,5e+07,1.1,"non-guarder","demersal","benthivorous"
"261","Lepidorhombus_whiffiagonis",24.35,2.833333333,0.1244247,4.34,5e+07,1.1,"non-guarder","bathydemersal","benthivorous"
"262","Lepidotrigla_cavillone",12.35558,2,0.3716789,3.33,250000,1.3,"non-guarder","demersal","generalist"
"263","Lepidotrigla_dieuzeidei",17.02361,2,0.3716789,3.66,250000,1.3,"non-guarder","demersal","generalist"
"264","Leptoclinus_maculatus",9.7,1.6,0.205,3.28,1000,1.5,"guarder","demersal","benthivorous"
"265","Lestidiops_jayakari",14.67587,6,0.7,4.125,50200,1.9,"non-guarder","bathypelagic","generalist"
"266","Lestidiops_sphyrenoides",14.67587,1.585608,0.7134248,4.5,NA,NA,"non-guarder","bathypelagic","generalist"
"267","Lesueurigobius_friesii",7.603503,2,0.7,3.55,6500,1.8,"guarder","demersal","benthivorous"
"268","Lesueurigobius_sanzi",7.677734,2,0.7,3.55,6500,1.8,"guarder","demersal","benthivorous"
"269","Lesueurigobius_suerii",7.677734,2,0.7,3.55,6500,1.8,"guarder","demersal","benthivorous"
"270","Leucoraja_circularis",51.2,5.3,0.130182642,3.5,48,60,"non-guarder","demersal","benthivorous"
"271","Leucoraja_fullonica",51.3,5.4,0.1301826,3.5,48,65,"non-guarder","bathydemersal","benthivorous"
"272","Leucoraja_melitensis",59.14744,8.201571,0.1771774,3.3,NA,NA,"non-guarder","bathydemersal","benthivorous"
"273","Leucoraja_naevus",56.9,8.5,0.16,4.21,63,50,"non-guarder","demersal","benthivorous"
"274","Lichia_amia",26.38951,1.623926,0.5876111,4.5,NA,NA,"non-guarder","pelagic","piscivorous"
"275","Limanda_limanda",18.7675,2.65,0.25,3.39,236000,1.2,"non-guarder","demersal","benthivorous"
"276","Liparis_liparis",6,1.3,0.68,3.45,700,1.11,"non-guarder","demersal","benthivorous"
"277","Liparis_montagui",6,1.3,0.6814809,3.45,700,1.11,"non-guarder","demersal","benthivorous"
"278","Lipophrys_pholis",8,1,0.3,3.12,500,1.3,"guarder","demersal","benthivorous"
"279","Lithognathus_mormyrus",17.12,2.2,0.2121341,3.42,408380,1.14,"non-guarder","demersal","benthivorous"
"280","Lobianchia_dofleini",2.944708,0.5333333,1.386,3.02,3025,0.5,"non-guarder","bathypelagic","planktivorous"
"281","Lobianchia_gemellarii",3.648028,0.6293497,1.057852,3,3025,0.5,"non-guarder","bathypelagic","planktivorous"
"282","Lophius_budegassa",66.2,8.166667,0.0897189,4.41,2e+07,1.8,"non-guarder","bathydemersal","piscivorous"
"283","Lophius_piscatorius",61,4.5,0.100220927,4.45,1500000,2.7,"non-guarder","bathydemersal","piscivorous"
"284","Lota_lota",49,5,0.1268967,3.84,703839,0.73,"non-guarder","demersal","generalist"
"285","Lumpenus_lampretaeformis",20,3,0.205,3.59,700,0.8,"guarder","demersal","benthivorous"
"286","Lycenchelys_sarsii",9.7,1.6,0.2175775,3.21,25,5.4,"guarder","bathydemersal","benthivorous"
"287","Lycodes_gracilis",13,3,0.2146806,3.595,29.5,4.45,"guarder","demersal","benthivorous"
"288","Lycodes_pallidus",13,3,0.2146806,3.14,40,5.5,"guarder","demersal","benthivorous"
"289","Lycodes_terraenovae",31.17142,3.6,0.2416521,3.45,29.5,5.6,"guarder","bathydemersal","benthivorous"
"290","Lycodes_vahlii",23.5,3.2,0.2146806,3.4,254,5,"guarder","bathydemersal","generalist"
"291","Macroparalepis_affinis",15.0357,6,0.7,3.4,50200,1.9,"non-guarder","bathypelagic","planktivorous"
"292","Macroramphosus_scolopax",10.10568,1.364342,0.4027886,3.47,NA,1,"non-guarder","demersal","benthivorous"
"293","Macrourus_berglax",54.13333,12.4,0.1004896,3.57,43860,1.5,"non-guarder","benthopelagic","benthivorous"
"294","Magnisudis_atlantica",12.21356,1.200958,0.6707898,3.65,50200,1.9,"non-guarder","bathypelagic","generalist"
"295","Malacocephalus_laevis",31.54094,14.8,0.106179,3.79,29976,1.5,"non-guarder","bathydemersal","generalist"
"296","Malacoraja_kreffti",55.82036,4.835,0.1339471,3.5,55,NA,"non-guarder","demersal","benthivorous"
"297","Malacosteus_niger",11.09,1.806111,0.4134833,3.72,45000,1.77,"non-guarder","bathypelagic","generalist"
"298","Manducus_maderensis",17.3,3.4,0.21,3.5,NA,NA,"non-guarder","bathypelagic","benthivorous"
"299","Maurolicus_muelleri",3.9,1,0.953008001,3.01,350,1.48,"non-guarder","bathypelagic","planktivorous"
"300","Melanogrammus_aeglefinus",35.84706,3.364545443,0.243638238,4.03,875571,1.38,"non-guarder","demersal","benthivorous"
"301","Melanonus_zugmayeri",17.4,3.456467,0.3166208,3.5,NA,NA,"non-guarder","bathypelagic","benthivorous"
"302","Melanostigma_atlanticum",10,2.6,0.3,3,1000,5.6,"guarder","bathypelagic","generalist"
"303","Melanostomias_bartonbeani",14.82951,1.806111,0.4134833,4.5,45000,1.77,"non-guarder","bathypelagic","piscivorous"
"304","Merlangius_merlangus",25.74286,1.54,0.1561697,4.36,381095,1.14,"non-guarder","benthopelagic","generalist"
"305","Merluccius_merluccius",37.984,3.40875,0.1134352,4.42,1834285,0.97,"non-guarder","demersal","generalist"
"306","Micrenophrys_lilljeborgii",14.81518,3.897727,0.23342,3.79,31696,2,"non-guarder","demersal","generalist"
"307","Microchirus_azevia",21.71521,2.9,0.2611681,3.18,5e+05,1.2,"non-guarder","demersal","benthivorous"
"308","Microchirus_boscanion",19.46804,3,0.2883651,3.23,5e+07,1.2,"non-guarder","demersal","benthivorous"
"309","Microchirus_ocellatus",19.46804,3,0.2883651,3.23,5e+07,1,"non-guarder","demersal","benthivorous"
"310","Microchirus_variegatus",14,3,0.3792362,3.28,5e+07,1.2,"non-guarder","demersal","benthivorous"
"311","Microichthys_coccoi",2.4,0.6,1.65,3.1,NA,NA,"non-guarder","demersal","planktivorous"
"312","Micromesistius_poutassou",20.71667,1.93,0.140000001,4.13,122000,1.16,"non-guarder","bathypelagic","generalist"
"313","Microstomus_kitt",31.5,4,0.363178533,3.21,95000,1.29,"non-guarder","demersal","benthivorous"
"314","Mola_mola",114.8503,4.868917,0.31,3.68,3e+08,1.3,"non-guarder","pelagic","generalist"
"315","Molva_dypterygia",78.4,7,0.1371942,4.49,703839,1.05,"non-guarder","demersal","generalist"
"316","Molva_macrophthalma",62.5,6.5,0.1213955,4.5,2500000,1.05,"non-guarder","demersal","generalist"
"317","Molva_molva",81.3333333333333,6,0.114159736,4.4,2e+08,1.05,"non-guarder","demersal","generalist"
"318","Monochirus_hispidus",7.666667,2.952308,0.3871321,3.276667,113750,1.17,"non-guarder","demersal","benthivorous"
"319","Mora_moro",33,10.5,0.09518028,3.75,6e+07,0.98,"non-guarder","benthopelagic","benthivorous"
"320","Mugil_cephalus",33.33333,4,0.2806398,2.48,2980428,0.78,"non-guarder","benthopelagic","generalist"
"321","Mullus_barbatus",12.3,1.7,0.44,3.1,11000,NA,"non-guarder","demersal","benthivorous"
"322","Mullus_surmuletus",15.86021,1.484286,0.183,3.45,20362,0.87,"non-guarder","demersal","benthivorous"
"323","Muraena_helena",75.46014,8.689998,0.09198282,4.2,NA,NA,"non-guarder","reef-associated","generalist"
"324","Mustelus_asterias",80,5,0.1674491,3.676,11,300,"bearer","demersal","benthivorous"
"325","Mustelus_mustelus",107.15,13.5,0.08235918,3.75,9.5,390,"bearer","demersal","generalist"
"326","Mustelus_punctulatus",84.28708,6.809708,0.1760129,3.8,NA,NA,"bearer","demersal","generalist"
"327","Myctophum_punctatum",5.35893,0.5333333,0.229114,3.39,800,0.5,"non-guarder","bathypelagic","planktivorous"
"328","Myliobatis_aquila",50,3,0.1430911,3.61,5,275,"bearer","benthopelagic","generalist"
"329","Myoxocephalus_quadricornis",NA,3.5,0.16,3.69,6048.667,2.65,"guarder","demersal","generalist"
"330","Myoxocephalus_scorpioides",22.26333,5.375,0.72,3.39,8228,2.15,"guarder","demersal","benthivorous"
"331","Myoxocephalus_scorpius",16.16667,2,0.5055425,3.89,11150,2.15,"guarder","demersal","generalist"
"332","Nansenia_oblita",17.56201,2.657862,0.7358931,3.2,NA,NA,"non-guarder","pelagic","benthivorous"
"333","Naucrates_ductor",30,2.702727,2.348905,3.98,793500,1.14,"non-guarder","reef-associated","planktivorous"
"334","Nemichthys_scolopaceus",50.8584,3.486543,0.3,3.5,NA,NA,"non-guarder","bathypelagic","planktivorous"
"335","Neocyttus_helgae",25.32558,25.5,0.08327949,3.58,37333,NA,"non-guarder","bathypelagic","generalist"
"336","Neogobius_melanostomus",6.2,2,0.2629296,3.3,2650,0.89,"guarder","demersal","benthivorous"
"337","Neoraja_caerulea",20,4.835,0.1284738,3.5,55,150,"non-guarder","bathydemersal","benthivorous"
"338","Neoraja_iberica",66.85286,8.135706,0.1405114,3.5,55,150,"non-guarder","bathydemersal","benthivorous"
"339","Nerophis_lumbriciformis",8.758962,0.546,1.052,4.03,357,1.3,"bearer","demersal","generalist"
"340","Nerophis_ophidion",8.055197,0.546,1.052,4.01,250,1.2,"bearer","demersal","generalist"
"341","Nesiarchus_nasutus",30.5368,4,0.2031116,4.33,1450000,1,"non-guarder","benthopelagic","generalist"
"342","Nessorhamphus_ingolfianus",38.2206,3.671292,0.1885161,3.5,NA,2.3,"non-guarder","bathypelagic","benthivorous"
"343","Nezumia_aequalis",4.5,4,0.1294844,3.26,29976,1.5,"non-guarder","benthopelagic","generalist"
"344","Nezumia_bairdii",22.41209,4,0.1294844,3.34,29976,1.5,"non-guarder","benthopelagic","generalist"
"345","Nezumia_sclerorhynchus",20.51872,12.4,0.1634792,3.18,31226.33,1.5,"non-guarder","bathypelagic","generalist"
"346","Normichthys_operosus",17.08298,1.955034,0.86,3.1,NA,NA,"non-guarder","bathypelagic","planktivorous"
"347","Notacanthus_bonaparte",22,2.173159,0.3517734,3.93,30000,1.3,"non-guarder","bathypelagic","benthivorous"
"348","Notacanthus_chemnitzii",60.5,16,0.06,3.5,20000,1.3,"non-guarder","benthopelagic","benthivorous"
"349","Notoscopelus_bolini",7.938464,0.5333333,0.89,3.17,3380,0.5,"non-guarder","pelagic","planktivorous"
"350","Notoscopelus_elongatus",7.807264,0.5333333,0.89,3.4,3380,0.5,"non-guarder","pelagic","planktivorous"
"351","Notoscopelus_kroyeri",8.481131,0.5333333,0.89,3.17,3380,0.5,"non-guarder","bathypelagic","planktivorous"
"352","Odondebuenia_balearica",2.6,0.5,2.05,3.1,NA,NA,"guarder","demersal","benthivorous"
"353","Oncorhynchus_mykiss",40.13364,3.2,0.5114885,4.08,6475,4,"non-guarder","benthopelagic","generalist"
"354","Ophichthus_rufus",45.96724,4.253439,0.2466821,4.3,NA,NA,"non-guarder","demersal","generalist"
"355","Ophidion_barbatum",16,1.4,0.52,3.57,517379,0.32,"non-guarder","demersal","benthivorous"
"356","Ophidion_rochei",41.44603,4.795192,0.2699652,3.6,NA,NA,"non-guarder","demersal","benthivorous"
"357","Ophisurus_serpens",49.30277,4.882914,0.2622041,4.1,NA,NA,"non-guarder","demersal","generalist"
"358","Osmerus_eperlanus",12.75,2,0.2347375,3.46,26938,0.95,"non-guarder","pelagic","planktivorous"
"359","Oxynotus_centrina",110.323,19.25516,0.1294903,3.061,8,175,"bearer","bathydemersal","benthivorous"
"360","Pachycara_crassiceps",24.63199,2.826128,0.2175775,3.451357,733.1667,5.6,"guarder","bathydemersal","generalist"
"361","Pagellus_acarne",16.12818,2.5,0.2499914,3.81,310500,1,"non-guarder","benthopelagic","benthivorous"
"362","Pagellus_bellottii",14.46667,2,0.2779003,3.6,233500,1.14,"non-guarder","demersal","benthivorous"
"363","Pagellus_bogaraveo",29.19625,2.5,0.1701494,4.21,285000,1.2,"non-guarder","benthopelagic","generalist"
"364","Pagellus_erythrinus",17.53599,3,0.136,3.48,141600,0.8,"non-guarder","benthopelagic","benthivorous"
"365","Pagrus_auriga",38.7,2.36,0.065,3.84,856136,1.19,"non-guarder","benthopelagic","benthivorous"
"366","Pagrus_pagrus",26.08333,1.933333,0.1191572,3.86,2e+07,0.9,"non-guarder","benthopelagic","benthivorous"
"367","Parablennius_gattorugine",14.1,2.2,0.62,3.59,500,1.24,"guarder","demersal","benthivorous"
"368","Parablennius_tentacularis",10.23979,1.534047,0.6590811,3.3,NA,0.8,"guarder","demersal","benthivorous"
"369","Paralepis_coregonoides",12.21356,1.200958,0.6707898,4.07,50200,1.9,"non-guarder","bathypelagic","generalist"
"370","Paraliparis_murieli",19.63947,2.598137,0.5549761,3.5,NA,NA,NA,"bathydemersal",NA
"371","Parapristipoma_octolineatum",24.79077,3.074659,0.3213071,3.6,NA,NA,"non-guarder","demersal","benthivorous"
"372","Parasudis_fraserbrunneri",13.56238,1.821998,0.4136253,4,NA,NA,"non-guarder","bathydemersal","benthivorous"
"373","Pegusa_impar",16.73718,2.49687,0.4131644,3.3,NA,NA,"non-guarder","demersal","benthivorous"
"374","Pegusa_lascaris",22,4,0.4119945,3.29,5e+07,1.35,"non-guarder","demersal","benthivorous"
"375","Perca_fluviatilis",14.783,2.5108,0.1553,4.4,36743,2.25,"non-guarder","demersal","piscivorous"
"376","Peristedion_cataphractum",20.15,2.5,0.2234008,3.66,NA,1.52,"non-guarder","demersal","benthivorous"
"377","Pholis_gunnellus",15,2,0.2810602,3.54,100,1.94,"guarder","demersal","benthivorous"
"378","Phycis_blennoides",19.5,3.5,0.230658631,3.66,1643889,0.84,"non-guarder","benthopelagic","benthivorous"
"379","Phycis_phycis",29.3105,3.5,0.19,4.25,8e+08,0.84,"non-guarder","benthopelagic","generalist"
"380","Physiculus_dalwigki",33.43764,10.5,0.15,4.2,6e+07,0.97,"non-guarder","benthopelagic","generalist"
"381","Platichthys_flesus",21.77273,3.8,0.36,3.32,1177674,0.95,"non-guarder","demersal","benthivorous"
"382","Pleuronectes_platessa",26.33636,3.5,0.115,3.23,552000,2.17,"non-guarder","demersal","benthivorous"
"383","Pollachius_pollachius",39.4,2.5,0.186,4.32,4535500,1.16,"non-guarder","benthopelagic","generalist"
"384","Pollachius_virens",55.15,4.172857114,0.130314828,4.31,4535500,1.11,"non-guarder","demersal","generalist"
"385","Polyacanthonotus_rissoanus",16.95,2.173159,0.07,3.49,31000,1,"non-guarder","bathydemersal","generalist"
"386","Polymetme_corythaeola",5.799006,0.26,5.9,4.4,109000,0.8,"non-guarder","benthopelagic","piscivorous"
"387","Polymetme_thaeocoryla",7.421911,0.26,5.9,4.4,109000,0.8,"non-guarder","bathydemersal","piscivorous"
"388","Polyprion_americanus",76.4,12.8,0.0681779,4.14,7450000,2.1,"non-guarder","demersal","generalist"
"389","Pomatomus_saltatrix",30.5,2,0.135,4.53,402247,1.05,"non-guarder","pelagic","generalist"
"390","Pomatoschistus_lozanoi",5.108045,1,0.89,3.13,1003,1,"guarder","demersal","generalist"
"391","Pomatoschistus_marmoratus",5.8,1,0.94,3.4,NA,NA,"guarder","demersal","benthivorous"
"392","Pomatoschistus_microps",6.606899,1,0.295,3.29,3517,1.16,"guarder","demersal","benthivorous"
"393","Pomatoschistus_minutus",5.6,1.1,1.11287,3.22,3654,1.15,"guarder","demersal","benthivorous"
"394","Pomatoschistus_norvegicus",6.09962,1,0.928,3.26,2995,0.88,"guarder","demersal","benthivorous"
"395","Pomatoschistus_pictus",3.2,1,0.295,3.12,1000,0.78,"guarder","demersal","benthivorous"
"396","Pontinus_kuhlii",24.52334,2,0.08486554,4.05,48851,0.9,"non-guarder","bathydemersal","generalist"
"397","Poromitra_crassiceps",11.46499,2.990344,0.2303421,3.1,42700,0.4,"non-guarder","bathypelagic","planktivorous"
"398","Protomyctophum_arcticum",5.161974,0.5333333,0.3847226,3.1,3380,0.5,"non-guarder","bathypelagic","planktivorous"
"399","Psenes_pellucidus",20.94487,2.138077,0.8816156,3.85,79500,0.92,"non-guarder","bathypelagic","planktivorous"
"400","Pseudaphya_ferreri",2.8,0.6,1.89,3.1,NA,NA,"guarder","benthopelagic","benthivorous"
"401","Pteragogus_pelycus",17.36423,2.877477,0.3903274,3.5,NA,NA,"guarder","demersal","benthivorous"
"402","Pterois_miles",19.87261,4.977589,0.2361472,3.7,NA,NA,"non-guarder","reef-associated","benthivorous"
"403","Pteroplatytrygon_violacea",58.50051,5.497997,0.17517,4.4,9,NA,"bearer","pelagic","generalist"
"404","Pterycombus_brama",27.4128855192211,4,0.083999999,4.4,NA,1.6,"non-guarder","pelagic","generalist"
"405","Pungitius_pungitius",3.7,1.5,1.6,3.32,394,1.25,"guarder","benthopelagic","generalist"
"406","Raja_asterias",72.74913,4.835,0.1392289,3.5,70,45,"non-guarder","demersal","benthivorous"
"407","Raja_brachyura",91.06648,4.835,0.1499885,3.76,52,90,"non-guarder","demersal","generalist"
"408","Raja_clavata",79.37787,5.365,0.134355,3.84,94,65,"non-guarder","demersal","generalist"
"409","Raja_microocellata",71.7,4.835,0.074,3.885,58,75,"non-guarder","demersal","piscivorous"
"410","Raja_miraletus",63.07043,4.835,0.1810457,3.8,40,40,"non-guarder","demersal","generalist"
"411","Raja_montagui",59.54,3.775,0.1922775,3.88,42,60,"non-guarder","demersal","generalist"
"412","Raja_polystigma",72.74913,6.301,0.1326804,3.97,41,46,"non-guarder","demersal","generalist"
"413","Raja_radula",72.74913,8.017898,0.1655405,3.7,NA,NA,"non-guarder","demersal","benthivorous"
"414","Raja_undulata",77.925,8.785,0.1048616,3.5,38,70,"non-guarder","demersal","benthivorous"
"415","Rajella_bathyphila",65,5,0.1284738,3.37,55,48,"non-guarder","bathydemersal","benthivorous"
"416","Rajella_fyllae",36,5,0.1284738,3.37,47,48,"non-guarder","bathydemersal","benthivorous"
"417","Rajella_kukujevi",66.85286,4.835,0.1263556,3.698571,55.125,NA,"non-guarder","bathydemersal","benthivorous"
"418","Raniceps_raninus",13.3,2,0.1704549,3.77,2549502,0.82,"non-guarder","demersal","benthivorous"
"419","Regalecus_glesne",336.4,3.127581,0.3408068,3.2,NA,3.4,"non-guarder","pelagic","generalist"
"420","Remora_brachyptera",21.49902,2.197243,0.351392,3.5,NA,NA,"non-guarder","pelagic","generalist"
"421","Rhinoptera_marginata",77.84342,8.327351,0.1923215,3.8,NA,NA,"bearer","benthopelagic","generalist"
"422","Rhynchogadus_hepaticus",39.81309,5.150284,0.2496652,3.3,NA,NA,"non-guarder","bathypelagic","benthivorous"
"423","Rostroraja_alba",129.4,4.9525,0.1326804,4.41,104,154,"non-guarder","demersal","piscivorous"
"424","Rouleina_attrita",27.5,3.641273,0.1291901,3.67,3754,2.7,"non-guarder","bathypelagic","generalist"
"425","Sagamichthys_schnakenbecki",20.08239,2.04373,0.4793987,3.4,NA,NA,"non-guarder","bathypelagic","benthivorous"
"426","Salaria_pavo",9.382022,1.464367,0.58333,3.6,NA,NA,"guarder","demersal","benthivorous"
"427","Salmo_salar",51.68,4.190909,0.3495233,4.5,9606,5.73,"non-guarder","benthopelagic","generalist"
"428","Salmo_trutta",23.14073,2.0135,0.2459954,3.4,10000,25,"non-guarder","pelagic","benthivorous"
"429","Sander_lucioperca",34.28889,4,0.119744,4.4,685311,0.9,"guarder","pelagic","piscivorous"
"430","Sarda_sarda",38.73333,1,0.4978321,4.5,1999479,1.14,"non-guarder","pelagic","piscivorous"
"431","Sardina_pilchardus",14.56364,1.74,0.3575357,3.06,169000,1.3,"non-guarder","pelagic","planktivorous"
"432","Sardinella_aurita",18.5973,2.417378,0.4954643,3.4,41200,0.48,"non-guarder","reef-associated","planktivorous"
"433","Sarpa_salpa",15.5,2,0.228032,2,856136,1.14,"non-guarder","benthopelagic","herbivorous"
"434","Saurida_undosquamis",20.03869,1.940888,0.5439553,4.5,38388,NA,"non-guarder","reef-associated","piscivorous"
"435","Schedophilus_medusophagus",27.93859,6,0.2420938,4,NA,1.3,"non-guarder","pelagic","planktivorous"
"436","Schedophilus_ovalis",32.94259,3.342863,0.3360986,3.5,NA,NA,"non-guarder","benthopelagic","generalist"
"437","Sciaena_umbra",27.04025,4.155139,0.1922216,3.8,NA,NA,"non-guarder","pelagic","benthivorous"
"438","Scomber_colias",20.74,0.9833333,0.3083611,3.91,579085,1.15,"non-guarder","pelagic","generalist"
"439","Scomber_japonicus",30.31429,2,0.2706636,3.38,540129,1.1,"non-guarder","pelagic","planktivorous"
"440","Scomber_scombrus",28.49,2.18,0.35265,3.63,598563,1.15,"non-guarder","pelagic","generalist"
"441","Scomberesox_saurus",20.69116,1.536454,0.706242,3.9,NA,NA,"non-guarder","pelagic","planktivorous"
"442","Scopelogadus_beanii",13.79817,8,0.11,3.88,42700,0.5,"non-guarder","bathypelagic","planktivorous"
"443","Scophthalmus_maximus",29.21111,4,0.2456266,4.36,5e+08,1,"non-guarder","demersal","benthivorous"
"444","Scophthalmus_rhombus",25,3,0.4215398,4.42,1e+09,1.3,"non-guarder","demersal","benthivorous"
"445","Scorpaena_elongata",13.10209,3.67484,0.2273142,3.8,NA,NA,"non-guarder","demersal","benthivorous"
"446","Scorpaena_loppei",7.295844,1,0.5076425,3.5,103000,0.9,"non-guarder","demersal","benthivorous"
"447","Scorpaena_maderensis",7.660352,2.379249,0.3295657,4.1,NA,NA,"non-guarder","demersal","generalist"
"448","Scorpaena_notata",11.5,2,0.3073255,3.7,15000,0.88,"non-guarder","demersal","benthivorous"
"449","Scorpaena_porcus",16.23082,3,0.1711152,3.92,50000,0.92,"non-guarder","demersal","benthivorous"
"450","Scorpaena_scrofa",20,2,0.0809909,4.25,247407,0.88,"non-guarder","demersal","benthivorous"
"451","Scyliorhinus_canicula",56.16667,5,0.2,3.82,2,80,"non-guarder","demersal","generalist"
"452","Scyliorhinus_stellaris",70.8,6.6,0.2,4.03,77,160,"non-guarder","reef-associated","generalist"
"453","Scymnodon_ringens",80.67355,10,0.05725,4.216667,16,410,"bearer","bathypelagic","generalist"
"454","Searsia_koefoedi",17.08298,1.955034,0.86,3.4,NA,NA,"non-guarder","bathypelagic","planktivorous"
"455","Sebastes_norvegicus",32.3,11,0.09728018,4.04,126150.3,8,"bearer","benthopelagic","generalist"
"456","Sebastes_viviparus",15,20,0.07,4.03,20000,5.5,"bearer","demersal","generalist"
"457","Seriola_dumerili",71.24868,4,0.2040213,4.5,3031167,1.39,"non-guarder","reef-associated","generalist"
"458","Serranus_atricauda",21.07924,5.070339,0.1734442,4.3,NA,NA,"non-guarder","demersal","piscivorous"
"459","Serranus_cabrilla",14.22,3,0.185328,3.35,45000,0.91,"non-guarder","demersal","generalist"
"460","Serranus_hepatus",7.76,3,0.2811381,3.47,45000,0.91,"non-guarder","demersal","benthivorous"
"461","Serranus_scriba",17.3,3,0.1982061,3.82,45000,1.28,"non-guarder","demersal","benthivorous"
"462","Serrivomer_beanii",39.88903,3.136479,0.3,3.88,NA,NA,"non-guarder","bathypelagic","generalist"
"463","Siganus_luridus",20.87231,2.381659,0.7069779,2,NA,NA,"non-guarder","reef-associated","herbivorous"
"464","Siganus_rivulatus",19.10825,2.383107,0.6177496,2,708537,NA,"non-guarder","reef-associated","herbivorous"
"465","Sigmops_bathyphilus",8.127992,3.5,0.683938,3.5,2267,0.5,"non-guarder","bathypelagic","benthivorous"
"466","Simenchelys_parasitica",47.5989,3.385219,0.2119089,3.68,694500,1,"non-guarder","bathydemersal","generalist"
"467","Solea_senegalensis",32.5,2.943636,0.1816413,3.25,5e+07,1.28,"non-guarder","demersal","benthivorous"
"468","Solea_solea",26.12727,2.943636,0.3131434,3.21,3e+07,1.28,"non-guarder","demersal","benthivorous"
"469","Somniosus_rostratus",80.67355,12,0.09185254,4.303333,16.33333,410,"bearer","bathydemersal","piscivorous"
"470","Sparisoma_cretense",21.38262,2.717133,0.3702402,2.9,NA,NA,"non-guarder","reef-associated","herbivorous"
"471","Sparus_aurata",32.167,3.087143,0.250291,3.5,408380,1.14,"non-guarder","demersal","generalist"
"472","Spectrunculus_grandis",34.72135,3.664106,0.1197684,3.57,NA,NA,"non-guarder","bathydemersal","generalist"
"473","Sphoeroides_pachygaster",16.90923,1,0.51,4.2,167000,0.88,"non-guarder","benthopelagic","piscivorous"
"474","Sphyraena_sphyraena",27.46976,3.019258,0.2807635,4,NA,NA,"non-guarder","pelagic","generalist"
"475","Spicara_maena",11.24333,2,0.2193399,4.15,61325,1.8,"non-guarder","benthopelagic","planktivorous"
"476","Spicara_smaris",9.1,2,0.3745378,3,61325,1.8,"guarder","benthopelagic","planktivorous"
"477","Spinachia_spinachia",10.1,1,2.32,3.5,200,1.96,"guarder","benthopelagic","generalist"
"478","Spondyliosoma_cantharus",20.3325,2.8,0.3,3.34,90413,1.09,"non-guarder","benthopelagic","generalist"
"479","Spratelloides_lewisi",4.17846,0.2192554,5.540311,3.02,28695,1.14,"non-guarder","pelagic","planktivorous"
"480","Sprattus_sprattus",10.08667,2,0.5950182,3.01,14630,1.1,"non-guarder","pelagic","planktivorous"
"481","Squalus_acanthias",77.77857,8.82,0.07692607,4.37,11,260,"bearer","benthopelagic","generalist"
"482","Squalus_blainville",51.45,20.84,0.0865068,3.97,4,230,"bearer","demersal","generalist"
"483","Squatina_aculeata",97.62815,12.18626,0.1586752,3.97,NA,NA,"bearer","demersal","piscivorous"
"484","Squatina_oculata",97.62815,12.18626,0.1586752,4,NA,NA,"bearer","demersal","piscivorous"
"485","Squatina_squatina",91.4,7.1,0.08,4.1,NA,NA,"bearer","demersal","piscivorous"
"486","Stephanolepis_diaspros",13.58701,1.876588,0.549214,2.8,NA,NA,"non-guarder","demersal","benthivorous"
"487","Stomias_boa",19.7,2.9,0.25,4,NA,NA,"non-guarder","bathypelagic","generalist"
"488","Stromateus_fiatola",19.73809,1.851839,0.7227628,4,NA,NA,"non-guarder","benthopelagic","generalist"
"489","Sudis_hyalina",15.0357,1.6244,0.8441752,4.3,NA,NA,"non-guarder","bathypelagic","generalist"
"490","Symbolophorus_veranyi",6.612814,0.5333333,0.43,3.25,3380,0.5,"non-guarder","bathypelagic","planktivorous"
"491","Symphodus_bailloni",9.076782,1.666667,0.3535871,3.357143,160631,0.91,"guarder","reef-associated","benthivorous"
"492","Symphodus_cinereus",7.43088,1.538031,0.4620538,3.5,NA,NA,"guarder","demersal","benthivorous"
"493","Symphodus_doderleini",9.796465,1.764977,0.4542944,3.4,NA,NA,"guarder","demersal","benthivorous"
"494","Symphodus_mediterraneus",8.964088,1.584653,0.4642243,3.2,NA,NA,"guarder","demersal","benthivorous"
"495","Symphodus_melops",14,3.2,0.2974223,3.38,160631,0.83,"guarder","reef-associated","benthivorous"
"496","Symphodus_ocellatus",6.364336,1.136633,0.6552532,3.5,NA,NA,"guarder","reef-associated","benthivorous"
"497","Symphodus_roissali",8.129263,1,0.3737869,3.47,160631,0.83,"guarder","reef-associated","benthivorous"
"498","Symphodus_rostratus",7.164435,1.251207,0.5877874,3.5,NA,NA,"guarder","reef-associated","benthivorous"
"499","Symphodus_tinca",13.77462,2.437456,0.2800891,3.3,NA,NA,"guarder","pelagic","benthivorous"
"500","Symphurus_ligulatus",8.759128,1.627073,0.5703698,3.5,NA,NA,"non-guarder","demersal","benthivorous"
"501","Symphurus_nigrescens",10.84231,2,0.3763775,3.5,66042,0.8,"non-guarder","demersal","benthivorous"
"502","Synaphobranchus_kaupii",30,3.385219,0.52,4.09,120000,1,"non-guarder","bathydemersal","generalist"
"503","Synapturichthys_kleinii",23.7946,3.183993,0.3016224,3.6,NA,NA,"non-guarder","pelagic","benthivorous"
"504","Synchiropus_phaeton",17.25279,3.25,0.471168,3.38,5000,0.83,"non-guarder","demersal","benthivorous"
"505","Syngnathus_abaster",12.50707,1.282057,0.851302,3.2,NA,NA,"bearer","demersal","benthivorous"
"506","Syngnathus_acus",21,1.5,0.6339934,3.33,221.25,2.05,"bearer","demersal","benthivorous"
"507","Syngnathus_phlegon",12.50707,1.282057,0.851302,3.5,NA,NA,"bearer","demersal","benthivorous"
"508","Syngnathus_rostellatus",10,1.5,0.747,3.69,100,1.41,"bearer","demersal","planktivorous"
"509","Syngnathus_taenionotus",12.50707,1.282057,0.851302,3.4,NA,NA,"bearer","demersal","benthivorous"
"510","Syngnathus_tenuirostris",12.50707,1.282057,0.851302,3.3,NA,NA,"bearer","demersal","benthivorous"
"511","Syngnathus_typhle",14.9,1.5,0.558,4.31,175,1.98,"bearer","pelagic","planktivorous"
"512","Synodus_saurus",17.04465,2.276689,0.4429482,4.5,NA,NA,"non-guarder","demersal","piscivorous"
"513","Taurulus_bubalis",6.8,1,0.2279259,3.59,3800,1.7,"non-guarder","demersal","benthivorous"
"514","Tetronarce_nobiliana",72.5,8,0.08354426,4.5,30,210,"bearer","benthopelagic","piscivorous"
"515","Thorogobius_ephippiatus",7.60754,1.26087,0.23,3.03,12000,NA,"guarder","demersal","benthivorous"
"516","Torpedo_marmorata",29.325,8,0.08354426,4.5,18.5,100,"bearer","reef-associated","benthivorous"
"517","Torpedo_torpedo",22.625,4,0.11,4.18,17.5,90,"bearer","demersal","piscivorous"
"518","Torquigener_flavimaculosus",19.38033,1.958757,0.6192008,3.3,NA,NA,"non-guarder","reef-associated","benthivorous"
"519","Trachinus_araneus",27.55247,3.091263,0.4796872,4,NA,NA,"non-guarder","demersal","generalist"
"520","Trachinus_draco",24,3.2,0.16,4.18,160000,1,"non-guarder","demersal","generalist"
"521","Trachinus_radiatus",27.55247,3.091263,0.4796872,4,NA,NA,"non-guarder","demersal","generalist"
"522","Trachipterus_arcticus",200,14,0.07,4.5,2e+07,2.41,"non-guarder","bathypelagic","piscivorous"
"523","Trachipterus_trachypterus",85.76573,7.672057,0.09246404,2.9,NA,NA,"non-guarder","pelagic","generalist"
"524","Trachurus_mediterraneus",20,1.4,0.309121,3.77,257524,0.9,"non-guarder","pelagic","generalist"
"525","Trachurus_picturatus",24.8675,3.4725,0.1662835,3.32,276449,0.9,"non-guarder","pelagic","generalist"
"526","Trachurus_trachurus",21.69167,2.65,0.181309941,3.71,263139,0.9,"non-guarder","pelagic","generalist"
"527","Trachyrincus_murrayi",30.41066,12.4,0.2771281,3.47,14191,1.5,"non-guarder","benthopelagic","generalist"
"528","Trachyrincus_scabrus",29.62046,12.4,0.2771281,3.64,14191,1.5,"non-guarder","bathydemersal","generalist"
"529","Trachyscorpia_cristulata",29,6.203109,0.0682775,3.855,352446,0.96,"non-guarder","bathydemersal","generalist"
"530","Trachyscorpia_echinata",32.5,6.203109,0.0682775,3.855,352446,0.96,"non-guarder","bathydemersal","generalist"
"531","Trichiurus_lepturus",46.54545,3.7,0.3039172,4.42,130000,1.74,"non-guarder","benthopelagic","piscivorous"
"532","Trigla_lyra",29.77822,2.775,0.1532229,3.65,108000,1.4,"non-guarder","bathydemersal","benthivorous"
"533","Triglops_murrayi",7.6,3.5,0.1400662,3.45,450,2,"non-guarder","demersal","benthivorous"
"534","Trisopterus_capelanus",18.6314,1.73,0.4463348,3.566667,363667,1.09,"non-guarder","benthopelagic","benthivorous"
"535","Trisopterus_esmarkii",18.6,1.69,0.556816513,3.24,205595,1.14,"non-guarder","benthopelagic","planktivorous"
"536","Trisopterus_luscus",20.75,1.5,0.4731904,3.566667,521738,1.1,"non-guarder","benthopelagic","generalist"
"537","Trisopterus_minutus",13.5344444444444,2,0.4375455,3.73,363667,1.04,"non-guarder","benthopelagic","generalist"
"538","Umbrina_canariensis",22.5,2.278571,0.259,3.37,311725,0.75,"non-guarder","demersal","benthivorous"
"539","Umbrina_cirrosa",33.05018,2.411656,0.3131289,3.41,311725,0.75,"non-guarder","demersal","benthivorous"
"540","Umbrina_ronchus",36.24837,2.994134,0.2899515,3.4,NA,NA,"non-guarder","demersal","benthivorous"
"541","Upeneus_moluccensis",13.06932,0.9150617,0.7048279,3.6,70000,NA,"non-guarder","pelagic","benthivorous"
"542","Upeneus_pori",10.45781,0.9556415,0.6354069,3.5,NA,NA,"non-guarder","demersal","benthivorous"
"543","Uranoscopus_scaber",12.5,1.5,0.1915935,4.38,10000,2,"non-guarder","demersal","generalist"
"544","Urophycis_chuss",34.02413,4.008026,0.1643074,3.72,8e+06,0.19,"non-guarder","demersal","generalist"
"545","Venefica_proboscidea",36.41097,3.252793,0.4,3.375,NA,NA,"non-guarder","bathypelagic","benthivorous"
"546","Vinciguerria_attenuata",4.765611,0.3867446,2.799391,3.1,NA,NA,"non-guarder","bathypelagic","generalist"
"547","Vinciguerria_poweriae",3.877781,0.26,5.9,3.09,109000,0.68,"non-guarder","bathypelagic","planktivorous"
"548","Xenodermichthys_copei",22.42274,3.641273,0.1291901,3.19,3754,2.7,"non-guarder","bathypelagic","generalist"
"549","Xiphias_gladius",165.5,5.5,0.0916233,4.53,9250000,1.7,"non-guarder","pelagic","piscivorous"
"550","Xyrichtys_novacula",12.54455,3.8,0.3830185,3.51,160631,0.91,"non-guarder","reef-associated","benthivorous"
"551","Zenopsis_conchifer",31.1,4,0.1908199,4.5,292500,1.99,"non-guarder","benthopelagic","generalist"
"552","Zeugopterus_punctatus",11.9,1.9,0.2251089,3.99,1e+09,1,"non-guarder","demersal","benthivorous"
"553","Zeugopterus_regius",23.11101,2.7,0.2250604,3.99,1e+09,1.09,"non-guarder","demersal","generalist"
"554","Zeus_faber",33.625,4,0.147,4.5,30000,2,"non-guarder","benthopelagic","piscivorous"
"555","Zoarces_viviparus",28.2,5.1,0.08826747,3.725,100,45,"bearer","demersal","benthivorous"
